ID,Name,Sex,Age,Height,Weight,Team,NOC,Games,Year,Season,City,Sport,Event,Medal
351,Julius Shareef Abdur-Rahim,M,23.0,202.0,104.0,United States,USA,2000 Summer,2000,Summer,Sydney,Basketball,Basketball Men's Basketball,Gold
2636,"Stephen Todd ""Steve"" Alford",M,19.0,185.0,74.0,United States,USA,1984 Summer,1984,Summer,Los Angeles,Basketball,Basketball Men's Basketball,Gold
2863,Walter Ray Allen,M,25.0,192.0,93.0,United States,USA,2000 Summer,2000,Summer,Sydney,Basketball,Basketball Men's Basketball,Gold
3874,"William Lloyd ""Willie"" Anderson, Jr.",M,21.0,200.0,86.0,United States,USA,1988 Summer,1988,Summer,Seoul,Basketball,Basketball Men's Basketball,Bronze
4505,Carmelo Kyan Anthony,M,20.0,203.0,109.0,United States,USA,2004 Summer,2004,Summer,Athina,Basketball,Basketball Men's Basketball,Bronze
4505,Carmelo Kyan Anthony,M,24.0,203.0,109.0,United States,USA,2008 Summer,2008,Summer,Beijing,Basketball,Basketball Men's Basketball,Gold
4505,Carmelo Kyan Anthony,M,28.0,203.0,109.0,United States,USA,2012 Summer,2012,Summer,London,Basketball,Basketball Men's Basketball,Gold
4505,Carmelo Kyan Anthony,M,32.0,203.0,109.0,United States,USA,2016 Summer,2016,Summer,Rio de Janeiro,Basketball,Basketball Men's Basketball,Gold
5173,"Michel Taylor ""Tate"" Armstrong",M,20.0,190.0,77.0,United States,USA,1976 Summer,1976,Summer,Montreal,Basketball,Basketball Men's Basketball,Gold
5212,Jay Joseph Hoyland Arnette,M,21.0,188.0,79.0,United States,USA,1960 Summer,1960,Summer,Roma,Basketball,Basketball Men's Basketball,Gold
5949,Stacey Orlando Augmon,M,20.0,200.0,87.0,United States,USA,1988 Summer,1988,Summer,Seoul,Basketball,Basketball Men's Basketball,Bronze
7040,"Vincent Lamont ""Vin"" Baker",M,28.0,207.0,109.0,United States,USA,2000 Summer,2000,Summer,Sydney,Basketball,Basketball Men's Basketball,Gold
7396,"Samuel J. ""Sam"" Balter, Jr.",M,26.0,178.0,68.0,United States,USA,1936 Summer,1936,Summer,Berlin,Basketball,Basketball Men's Basketball,Gold
7586,"Michael Allen ""Mike"" Bantom",M,20.0,203.0,93.0,United States,USA,1972 Summer,1972,Summer,Munich,Basketball,Basketball Men's Basketball,Silver
7881,"Clifford Eugene ""Cliff"" Barker",M,27.0,188.0,84.0,United States,USA,1948 Summer,1948,Summer,London,Basketball,Basketball Men's Basketball,Gold
7901,Charles Wade Barkley,M,29.0,198.0,114.0,United States,USA,1992 Summer,1992,Summer,Barcelona,Basketball,Basketball Men's Basketball,Gold
7901,Charles Wade Barkley,M,33.0,198.0,114.0,United States,USA,1996 Summer,1996,Summer,Atlanta,Basketball,Basketball Men's Basketball,Gold
7908,"Donald Argee ""Don"" Barksdale",M,25.0,198.0,91.0,United States,USA,1948 Summer,1948,Summer,London,Basketball,Basketball Men's Basketball,Gold
7956,Harrison Bryce Jordan Barnes,M,24.0,203.0,102.0,United States,USA,2016 Summer,2016,Summer,Rio de Janeiro,Basketball,Basketball Men's Basketball,Gold
7958,"Velvet James ""Jim"" Barnes",M,23.0,201.0,109.0,United States,USA,1964 Summer,1964,Summer,Tokyo,Basketball,Basketball Men's Basketball,Gold
8104,"Michael Thomas ""Mike"" Barrett",M,25.0,188.0,73.0,United States,USA,1968 Summer,1968,Summer,Mexico City,Basketball,Basketball Men's Basketball,Gold
9039,"Ralph Milton Beard, Jr.",M,20.0,178.0,79.0,United States,USA,1948 Summer,1948,Summer,London,Basketball,Basketball Men's Basketball,Gold
9178,"Lewis William ""Lew"" Beck, Jr.",M,26.0,183.0,75.0,United States,USA,1948 Summer,1948,Summer,London,Basketball,Basketball Men's Basketball,Gold
9670,"Walter Jones ""Walt"" Bellamy, Jr.",M,23.0,211.0,98.0,United States,USA,1960 Summer,1960,Summer,Roma,Basketball,Basketball Men's Basketball,Gold
11668,Larry Joe Bird,M,35.0,205.0,100.0,United States,USA,1992 Summer,1992,Summer,Barcelona,Basketball,Basketball Men's Basketball,Gold
11790,Ralph English Bishop,M,20.0,193.0,86.0,United States,USA,1936 Summer,1936,Summer,Berlin,Basketball,Basketball Men's Basketball,Gold
13302,"Ronald Yngve ""Ron"" Bontemps",M,25.0,188.0,79.0,United States,USA,1952 Summer,1952,Summer,Helsinki,Basketball,Basketball Men's Basketball,Gold
13371,"Robert Lewis ""Bob"" Boozer",M,23.0,203.0,99.0,United States,USA,1960 Summer,1960,Summer,Roma,Basketball,Basketball Men's Basketball,Gold
13372,"Carlos Austin Boozer, Jr.",M,22.0,206.0,117.0,United States,USA,2004 Summer,2004,Summer,Athina,Basketball,Basketball Men's Basketball,Bronze
13372,"Carlos Austin Boozer, Jr.",M,26.0,206.0,117.0,United States,USA,2008 Summer,2008,Summer,Beijing,Basketball,Basketball Men's Basketball,Gold
13682,"Vincent Joseph ""Vince"" Boryla",M,21.0,195.0,95.0,United States,USA,1948 Summer,1948,Summer,London,Basketball,Basketball Men's Basketball,Gold
13739,"Christopher Wesson ""Chris"" Bosh",M,24.0,208.0,104.0,United States,USA,2008 Summer,2008,Summer,Beijing,Basketball,Basketball Men's Basketball,Gold
14153,"Richard James ""Dick"" Boushka",M,22.0,195.0,95.0,United States,USA,1956 Summer,1956,Summer,Melbourne,Basketball,Basketball Men's Basketball,Gold
14504,"William Warren ""Bill"" Bradley",M,21.0,196.0,93.0,United States,USA,1964 Summer,1964,Summer,Tokyo,Basketball,Basketball Men's Basketball,Gold
15009,"James Turner ""Jim"" Brewer",M,20.0,206.0,100.0,United States,USA,1972 Summer,1972,Summer,Munich,Basketball,Basketball Men's Basketball,Silver
15555,"Lawrence Harvey ""Larry"" Brown",M,24.0,178.0,73.0,United States,USA,1964 Summer,1964,Summer,Tokyo,Basketball,Basketball Men's Basketball,Gold
15891,Kobe Bean Bryant,M,29.0,198.0,100.0,United States,USA,2008 Summer,2008,Summer,Beijing,Basketball,Basketball Men's Basketball,Gold
15891,Kobe Bean Bryant,M,33.0,198.0,100.0,United States,USA,2012 Summer,2012,Summer,London,Basketball,Basketball Men's Basketball,Gold
16109,William Quinn Buckner,M,21.0,190.0,92.0,United States,USA,1976 Summer,1976,Summer,Montreal,Basketball,Basketball Men's Basketball,Gold
16639,Tommy Loren Burleson,M,20.0,223.0,102.0,United States,USA,1972 Summer,1972,Summer,Munich,Basketball,Basketball Men's Basketball,Silver
16923,Jimmy Butler III,M,26.0,201.0,99.0,United States,USA,2016 Summer,2016,Summer,Rio de Janeiro,Basketball,Basketball Men's Basketball,Gold
17312,Carl Cecil Cain,M,22.0,190.0,86.0,United States,USA,1956 Summer,1956,Summer,Melbourne,Basketball,Basketball Men's Basketball,Gold
17417,"Joseph Louis ""Joe"" Caldwell",M,22.0,196.0,89.0,United States,USA,1964 Summer,1964,Summer,Tokyo,Basketball,Basketball Men's Basketball,Gold
18450,Gordon C. Carpenter,M,28.0,200.0,100.0,United States,USA,1948 Summer,1948,Summer,London,Basketball,Basketball Men's Basketball,Gold
18483,"Kenneth Alan ""Kenny"" Carr",M,20.0,200.0,102.0,United States,USA,1976 Summer,1976,Summer,Montreal,Basketball,Basketball Men's Basketball,Gold
18662,"Vincent Lamar ""Vince"" Carter",M,23.0,195.0,102.0,United States,USA,2000 Summer,2000,Summer,Sydney,Basketball,Basketball Men's Basketball,Gold
19736,Tyson Cleotis Chandler,M,29.0,216.0,107.0,United States,USA,2012 Summer,2012,Summer,London,Basketball,Basketball Men's Basketball,Gold
21943,John Richard Clawson,M,24.0,193.0,91.0,United States,USA,1968 Summer,1968,Summer,Mexico City,Basketball,Basketball Men's Basketball,Gold
22361,"Vernell Eufaye ""Bimbo"" Coles",M,20.0,185.0,79.0,United States,USA,1988 Summer,1988,Summer,Seoul,Basketball,Basketball Men's Basketball,Bronze
22460,"Paul Douglas ""Doug"" Collins",M,21.0,198.0,82.0,United States,USA,1972 Summer,1972,Summer,Munich,Basketball,Basketball Men's Basketball,Silver
23453,"Melvin Grant ""Mel"" Counts",M,22.0,213.0,102.0,United States,USA,1964 Summer,1964,Summer,Tokyo,Basketball,Basketball Men's Basketball,Gold
23497,DeMarcus Amir Cousins,M,25.0,210.0,122.0,United States,USA,2016 Summer,2016,Summer,Rio de Janeiro,Basketball,Basketball Men's Basketball,Gold
25309,Adrian Delano Dantley,M,21.0,195.0,95.0,United States,USA,1976 Summer,1976,Summer,Montreal,Basketball,Basketball Men's Basketball,Gold
25378,"Charles Frick ""Chuck"" Darling",M,26.0,203.0,102.0,United States,USA,1956 Summer,1956,Summer,Melbourne,Basketball,Basketball Men's Basketball,Gold
25616,"Richard Allen ""Dick"" Davies",M,28.0,186.0,80.0,United States,USA,1964 Summer,1964,Summer,Tokyo,Basketball,Basketball Men's Basketball,Gold
25667,"Anthony Marshon Davis, Jr.",M,19.0,208.0,100.0,United States,USA,2012 Summer,2012,Summer,London,Basketball,Basketball Men's Basketball,Gold
25705,"Kenneth Bryan ""Kenny"" Davis",M,23.0,180.0,82.0,United States,USA,1972 Summer,1972,Summer,Munich,Basketball,Basketball Men's Basketball,Silver
25728,Walter Paul Davis,M,21.0,195.0,86.0,United States,USA,1976 Summer,1976,Summer,Montreal,Basketball,Basketball Men's Basketball,Gold
26966,"Donald Francis ""Don"" Dee",M,25.0,201.0,93.0,United States,USA,1968 Summer,1968,Summer,Mexico City,Basketball,Basketball Men's Basketball,Gold
27743,DeMar Darnell DeRozan,M,26.0,201.0,99.0,United States,USA,2016 Summer,2016,Summer,Rio de Janeiro,Basketball,Basketball Men's Basketball,Gold
28747,"Terence Gilbert ""Terry"" Dischinger",M,19.0,198.0,86.0,United States,USA,1960 Summer,1960,Summer,Roma,Basketball,Basketball Men's Basketball,Gold
30009,Clyde Austin Drexler,M,30.0,200.0,101.0,United States,USA,1992 Summer,1992,Summer,Barcelona,Basketball,Basketball Men's Basketball,Gold
30632,"Timothy Theodore ""Tim"" Duncan",M,28.0,213.0,104.0,United States,USA,2004 Summer,2004,Summer,Athina,Basketball,Basketball Men's Basketball,Bronze
30807,Kevin Wayne Durant,M,23.0,206.0,105.0,United States,USA,2012 Summer,2012,Summer,London,Basketball,Basketball Men's Basketball,Gold
30807,Kevin Wayne Durant,M,27.0,206.0,105.0,United States,USA,2016 Summer,2016,Summer,Rio de Janeiro,Basketball,Basketball Men's Basketball,Gold
33430,"William Best ""Billy"" Evans",M,24.0,185.0,84.0,United States,USA,1956 Summer,1956,Summer,Melbourne,Basketball,Basketball Men's Basketball,Gold
33553,Patrick Aloysius Ewing,M,21.0,213.0,109.0,United States,USA,1984 Summer,1984,Summer,Los Angeles,Basketball,Basketball Men's Basketball,Gold
33553,Patrick Aloysius Ewing,M,29.0,213.0,109.0,United States,USA,1992 Summer,1992,Summer,Barcelona,Basketball,Basketball Men's Basketball,Gold
35789,"Vernon ""Vern"" Fleming",M,22.0,195.0,84.0,United States,USA,1984 Summer,1984,Summer,Los Angeles,Basketball,Basketball Men's Basketball,Gold
36207,"James Ricardo ""Jim"" Forbes",M,20.0,203.0,91.0,United States,USA,1972 Summer,1972,Summer,Munich,Basketball,Basketball Men's Basketball,Silver
36233,"Gilbert ""Gib"" Ford",M,25.0,193.0,91.0,United States,USA,1956 Summer,1956,Summer,Melbourne,Basketball,Basketball Men's Basketball,Gold
36237,"Philip Jackson ""Phil"" Ford, Jr.",M,20.0,188.0,77.0,United States,USA,1976 Summer,1976,Summer,Montreal,Basketball,Basketball Men's Basketball,Gold
36368,"Joseph Cephis ""Joe"" Fortenberry",M,25.0,203.0,84.0,United States,USA,1936 Summer,1936,Summer,Berlin,Basketball,Basketball Men's Basketball,Gold
36551,"Calvin Bernard ""Cal"" Fowler",M,28.0,186.0,77.0,United States,USA,1968 Summer,1968,Summer,Mexico City,Basketball,Basketball Men's Basketball,Gold
37019,"Marcus Ross ""Marc"" Freiberger",M,23.0,211.0,98.0,United States,USA,1952 Summer,1952,Summer,Helsinki,Basketball,Basketball Men's Basketball,Gold
38826,Kevin Maurice Garnett,M,24.0,207.0,100.0,United States,USA,2000 Summer,2000,Summer,Sydney,Basketball,Basketball Men's Basketball,Gold
39561,Paul George,M,26.0,206.0,99.0,United States,USA,2016 Summer,2016,Summer,Rio de Janeiro,Basketball,Basketball Men's Basketball,Gold
40143,"John Haskell ""Tex"" Gibbons",M,28.0,185.0,79.0,United States,USA,1936 Summer,1936,Summer,Berlin,Basketball,Basketball Men's Basketball,Gold
40703,Victor Wayne Glasgow,M,26.0,190.0,86.0,United States,USA,1952 Summer,1952,Summer,Helsinki,Basketball,Basketball Men's Basketball,Gold
42553,"Jeffrey ""Jeff"" Grayer",M,22.0,195.0,91.0,United States,USA,1988 Summer,1988,Summer,Seoul,Basketball,Basketball Men's Basketball,Bronze
42622,Draymond Jamal Green,M,26.0,200.0,104.0,United States,USA,2016 Summer,2016,Summer,Rio de Janeiro,Basketball,Basketball Men's Basketball,Gold
43246,"Alexander John ""Alex"" Groza",M,21.0,200.0,100.0,United States,USA,1948 Summer,1948,Summer,London,Basketball,Basketball Men's Basketball,Gold
43340,"Ernest ""Ernie"" Grunfeld",M,21.0,198.0,102.0,United States,USA,1976 Summer,1976,Summer,Montreal,Basketball,Basketball Men's Basketball,Gold
44951,"Burdette Eliele ""Burdie"" Haldorson",M,22.0,206.0,102.0,United States,USA,1956 Summer,1956,Summer,Melbourne,Basketball,Basketball Men's Basketball,Gold
44951,"Burdette Eliele ""Burdie"" Haldorson",M,26.0,206.0,102.0,United States,USA,1960 Summer,1960,Summer,Roma,Basketball,Basketball Men's Basketball,Gold
45963,"Anfernee Deon ""Penny"" Hardaway",M,24.0,200.0,91.0,United States,USA,1996 Summer,1996,Summer,Atlanta,Basketball,Basketball Men's Basketball,Gold
45964,"Timothy Duane ""Tim"" Hardaway",M,34.0,180.0,88.0,United States,USA,2000 Summer,2000,Summer,Sydney,Basketball,Basketball Men's Basketball,Gold
45970,"James Edward Harden, Jr.",M,22.0,196.0,100.0,United States,USA,2012 Summer,2012,Summer,London,Basketball,Basketball Men's Basketball,Gold
46770,"Hersey R. Hawkins, Jr.",M,22.0,190.0,86.0,United States,USA,1988 Summer,1988,Summer,Seoul,Basketball,Basketball Men's Basketball,Bronze
46886,Spencer Haywood,M,19.0,203.0,102.0,United States,USA,1968 Summer,1968,Summer,Mexico City,Basketball,Basketball Men's Basketball,Gold
46916,"Walter Raphael ""Walt"" Hazzard",M,22.0,191.0,91.0,United States,USA,1964 Summer,1964,Summer,Tokyo,Basketball,Basketball Men's Basketball,Gold
47588,"Thomas Edward ""Tom"" Henderson",M,20.0,188.0,86.0,United States,USA,1972 Summer,1972,Summer,Munich,Basketball,Basketball Men's Basketball,Silver
48571,Grant Henry Hill,M,23.0,203.0,102.0,United States,USA,1996 Summer,1996,Summer,Atlanta,Basketball,Basketball Men's Basketball,Gold
48958,"Charles Monroe ""Charlie"" Hoag",M,20.0,188.0,84.0,United States,USA,1952 Summer,1952,Summer,Helsinki,Basketball,Basketball Men's Basketball,Gold
50132,"Wilmer Frederick ""Bill"" Hosket",M,21.0,203.0,102.0,United States,USA,1968 Summer,1968,Summer,Mexico City,Basketball,Basketball Men's Basketball,Gold
50231,"William Marion ""Bill"" Hougland",M,22.0,195.0,86.0,United States,USA,1952 Summer,1952,Summer,Helsinki,Basketball,Basketball Men's Basketball,Gold
50231,"William Marion ""Bill"" Hougland",M,26.0,195.0,86.0,United States,USA,1956 Summer,1956,Summer,Melbourne,Basketball,Basketball Men's Basketball,Gold
50268,Allan Wade Houston,M,29.0,195.0,91.0,United States,USA,2000 Summer,2000,Summer,Sydney,Basketball,Basketball Men's Basketball,Gold
50311,Dwight David Howard,M,22.0,211.0,120.0,United States,USA,2008 Summer,2008,Summer,Beijing,Basketball,Basketball Men's Basketball,Gold
50688,"Phillip Gregory ""Phil"" Hubbard",M,19.0,200.0,88.0,United States,USA,1976 Summer,1976,Summer,Montreal,Basketball,Basketball Men's Basketball,Gold
51724,Andre Tyler Iguodala,M,28.0,198.0,94.0,United States,USA,2012 Summer,2012,Summer,London,Basketball,Basketball Men's Basketball,Gold
52026,Darrall Tucker Imhoff,M,21.0,211.0,98.0,United States,USA,1960 Summer,1960,Summer,Roma,Basketball,Basketball Men's Basketball,Gold
52383,Kyrie Andrew Irving,M,24.0,190.0,87.0,United States,USA,2016 Summer,2016,Summer,Rio de Janeiro,Basketball,Basketball Men's Basketball,Gold
52912,Allen Ezail Iverson,M,29.0,182.0,83.0,United States,USA,2004 Summer,2004,Summer,Athina,Basketball,Basketball Men's Basketball,Bronze
53134,"Lucious Brown ""Luke"" Jackson, Jr.",M,22.0,206.0,107.0,United States,USA,1964 Summer,1964,Summer,Tokyo,Basketball,Basketball Men's Basketball,Gold
53494,LeBron Raymone James,M,19.0,203.0,114.0,United States,USA,2004 Summer,2004,Summer,Athina,Basketball,Basketball Men's Basketball,Bronze
53494,LeBron Raymone James,M,23.0,203.0,114.0,United States,USA,2008 Summer,2008,Summer,Beijing,Basketball,Basketball Men's Basketball,Gold
53494,LeBron Raymone James,M,27.0,203.0,114.0,United States,USA,2012 Summer,2012,Summer,London,Basketball,Basketball Men's Basketball,Gold
54117,"Robert Eugene ""Bob"" Jeangerard",M,24.0,190.0,86.0,United States,USA,1956 Summer,1956,Summer,Melbourne,Basketball,Basketball Men's Basketball,Gold
54163,Richard Allen Jefferson,M,24.0,203.0,102.0,United States,USA,2004 Summer,2004,Summer,Athina,Basketball,Basketball Men's Basketball,Bronze
55375,Francis Lee Johnson,M,25.0,180.0,79.0,United States,USA,1936 Summer,1936,Summer,Berlin,Basketball,Basketball Men's Basketball,Gold
55424,"Earvin ""Magic"" Johnson, Jr.",M,32.0,205.0,100.0,United States,USA,1992 Summer,1992,Summer,Barcelona,Basketball,Basketball Men's Basketball,Gold
55625,"Robert Clyde ""Bobby"" Jones",M,20.0,203.0,93.0,United States,USA,1972 Summer,1972,Summer,Munich,Basketball,Basketball Men's Basketball,Silver
55650,Dwight Elmo Jones,M,20.0,203.0,93.0,United States,USA,1972 Summer,1972,Summer,Munich,Basketball,Basketball Men's Basketball,Silver
55686,K. C. Jones,M,24.0,185.0,91.0,United States,USA,1956 Summer,1956,Summer,Melbourne,Basketball,Basketball Men's Basketball,Gold
55750,"Wallace Clayton ""Wally"" Jones",M,22.0,193.0,102.0,United States,USA,1948 Summer,1948,Summer,London,Basketball,Basketball Men's Basketball,Gold
55874,"Hyland DeAndre Jordan, Jr.",M,28.0,211.0,120.0,United States,USA,2016 Summer,2016,Summer,Rio de Janeiro,Basketball,Basketball Men's Basketball,Gold
55881,Michael Jeffrey Jordan,M,21.0,198.0,90.0,United States,USA,1984 Summer,1984,Summer,Los Angeles,Basketball,Basketball Men's Basketball,Gold
55881,Michael Jeffrey Jordan,M,29.0,198.0,90.0,United States,USA,1992 Summer,1992,Summer,Barcelona,Basketball,Basketball Men's Basketball,Gold
56077,Kevin Francis Joyce,M,21.0,191.0,86.0,United States,USA,1972 Summer,1972,Summer,Munich,Basketball,Basketball Men's Basketball,Silver
58517,John Frederick Keller,M,23.0,190.0,84.0,United States,USA,1952 Summer,1952,Summer,Helsinki,Basketball,Basketball Men's Basketball,Gold
58535,Earl Allen Kelley,M,27.0,183.0,74.0,United States,USA,1960 Summer,1960,Summer,Roma,Basketball,Basketball Men's Basketball,Gold
58537,Melvin Dean Kelley,M,20.0,180.0,75.0,United States,USA,1952 Summer,1952,Summer,Helsinki,Basketball,Basketball Men's Basketball,Gold
58738,"Robert Earl ""Bob"" Kenney",M,21.0,188.0,84.0,United States,USA,1952 Summer,1952,Summer,Helsinki,Basketball,Basketball Men's Basketball,Gold
59569,Jason Frederick Kidd,M,27.0,193.0,96.0,United States,USA,2000 Summer,2000,Summer,Sydney,Basketball,Basketball Men's Basketball,Gold
59569,Jason Frederick Kidd,M,35.0,193.0,96.0,United States,USA,2008 Summer,2008,Summer,Beijing,Basketball,Basketball Men's Basketball,Gold
60486,"James H. ""Jim"" King",M,25.0,201.0,91.0,United States,USA,1968 Summer,1968,Summer,Mexico City,Basketball,Basketball Men's Basketball,Gold
61147,"Joseph William ""Joe"" Kleine",M,22.0,211.0,122.0,United States,USA,1984 Summer,1984,Summer,Los Angeles,Basketball,Basketball Men's Basketball,Gold
61570,Carl Stanley Knowles,M,26.0,188.0,75.0,United States,USA,1936 Summer,1936,Summer,Berlin,Basketball,Basketball Men's Basketball,Gold
62376,Jon Francis Koncak,M,21.0,213.0,113.0,United States,USA,1984 Summer,1984,Summer,Los Angeles,Basketball,Basketball Men's Basketball,Gold
65055,"Mitchell William ""Mitch"" Kupchak",M,22.0,208.0,104.0,United States,USA,1976 Summer,1976,Summer,Montreal,Basketball,Basketball Men's Basketball,Gold
65146,"Robert Albert ""Bob"" Kurland",M,23.0,213.0,100.0,United States,USA,1948 Summer,1948,Summer,London,Basketball,Basketball Men's Basketball,Gold
65146,"Robert Albert ""Bob"" Kurland",M,27.0,213.0,100.0,United States,USA,1952 Summer,1952,Summer,Helsinki,Basketball,Basketball Men's Basketball,Gold
65809,Christian Donald Laettner,M,22.0,211.0,107.0,United States,USA,1992 Summer,1992,Summer,Barcelona,Basketball,Basketball Men's Basketball,Gold
65853,"Thomas Joseph ""Tom"" LaGarde",M,21.0,208.0,97.0,United States,USA,1976 Summer,1976,Summer,Montreal,Basketball,Basketball Men's Basketball,Gold
66366,"Lester Everett ""Les"" Lane",M,28.0,177.0,77.0,United States,USA,1960 Summer,1960,Summer,Roma,Basketball,Basketball Men's Basketball,Gold
69760,"William Barner ""Bill"" Lienhard",M,22.0,195.0,82.0,United States,USA,1952 Summer,1952,Summer,Helsinki,Basketball,Basketball Men's Basketball,Gold
71729,Kevin Wesley Love,M,23.0,208.0,118.0,United States,USA,2012 Summer,2012,Summer,London,Basketball,Basketball Men's Basketball,Gold
71749,Clyde Edward Lovellette,M,22.0,205.0,104.0,United States,USA,1952 Summer,1952,Summer,Helsinki,Basketball,Basketball Men's Basketball,Gold
71822,Kyle Lowry,M,30.0,183.0,93.0,United States,USA,2016 Summer,2016,Summer,Rio de Janeiro,Basketball,Basketball Men's Basketball,Gold
71965,Frank John Lubin,M,26.0,200.0,113.0,United States,USA,1936 Summer,1936,Summer,Berlin,Basketball,Basketball Men's Basketball,Gold
71996,Jerry Ray Lucas,M,20.0,203.0,103.0,United States,USA,1960 Summer,1960,Summer,Roma,Basketball,Basketball Men's Basketball,Gold
72222,"Raymond George ""Ray"" Lumpp",M,25.0,185.0,81.0,United States,USA,1948 Summer,1948,Summer,London,Basketball,Basketball Men's Basketball,Gold
73750,"Daniel Lewis ""Dan"" Majerle",M,23.0,198.0,98.0,United States,USA,1988 Summer,1988,Summer,Seoul,Basketball,Basketball Men's Basketball,Bronze
74176,Karl Malone,M,29.0,205.0,116.0,United States,USA,1992 Summer,1992,Summer,Barcelona,Basketball,Basketball Men's Basketball,Gold
74176,Karl Malone,M,32.0,205.0,116.0,United States,USA,1996 Summer,1996,Summer,Atlanta,Basketball,Basketball Men's Basketball,Gold
74518,"Daniel Ricardo ""Danny"" Manning",M,22.0,208.0,104.0,United States,USA,1988 Summer,1988,Summer,Seoul,Basketball,Basketball Men's Basketball,Bronze
74732,Stephon Xavier Marbury,M,27.0,187.0,92.0,United States,USA,2004 Summer,2004,Summer,Athina,Basketball,Basketball Men's Basketball,Bronze
75121,Shawn Dwayne Marion,M,26.0,200.0,97.0,United States,USA,2004 Summer,2004,Summer,Athina,Basketball,Basketball Men's Basketball,Bronze
76943,Scott Glenn May,M,22.0,200.0,99.0,United States,USA,1976 Summer,1976,Summer,Montreal,Basketball,Basketball Men's Basketball,Gold
77254,Frank Reilly McCabe,M,25.0,203.0,102.0,United States,USA,1952 Summer,1952,Summer,Helsinki,Basketball,Basketball Men's Basketball,Gold
77266,"John Paul ""Pete"" McCaffrey",M,25.0,198.0,98.0,United States,USA,1964 Summer,1964,Summer,Tokyo,Basketball,Basketball Men's Basketball,Gold
77496,Antonio Keithflen McDyess,M,26.0,202.0,109.0,United States,USA,2000 Summer,2000,Summer,Sydney,Basketball,Basketball Men's Basketball,Gold
77879,"Charles Thomas ""Tom"" McMillen",M,20.0,212.0,95.0,United States,USA,1972 Summer,1972,Summer,Munich,Basketball,Basketball Men's Basketball,Silver
79930,"Reginald Wayne ""Reggie"" Miller",M,31.0,200.0,86.0,United States,USA,1996 Summer,1996,Summer,Atlanta,Basketball,Basketball Men's Basketball,Gold
81220,"Arthur Owen ""Art"" Mollner",M,23.0,183.0,73.0,United States,USA,1936 Summer,1936,Summer,Berlin,Basketball,Basketball Men's Basketball,Gold
82625,Alonzo Harding Mourning,M,30.0,206.0,117.0,United States,USA,2000 Summer,2000,Summer,Sydney,Basketball,Basketball Men's Basketball,Gold
83179,"Christopher Paul ""Chris"" Mullin",M,20.0,200.0,98.0,United States,USA,1984 Summer,1984,Summer,Los Angeles,Basketball,Basketball Men's Basketball,Gold
83179,"Christopher Paul ""Chris"" Mullin",M,28.0,200.0,98.0,United States,USA,1992 Summer,1992,Summer,Barcelona,Basketball,Basketball Men's Basketball,Gold
83188,"Jeffrey Vincent ""Jeff"" Mullins",M,22.0,192.0,86.0,United States,USA,1964 Summer,1964,Summer,Tokyo,Basketball,Basketball Men's Basketball,Gold
88024,Lamar Joseph Odom,M,24.0,208.0,102.0,United States,USA,2004 Summer,2004,Summer,Athina,Basketball,Basketball Men's Basketball,Bronze
88402,"Chukwuemeka Noubuisi ""Emeka"" Okafor",M,21.0,205.0,115.0,United States,USA,2004 Summer,2004,Summer,Athina,Basketball,Basketball Men's Basketball,Bronze
88580,Hakeem Abdul Olajuwon,M,33.0,213.0,113.0,United States,USA,1996 Summer,1996,Summer,Atlanta,Basketball,Basketball Men's Basketball,Gold
89103,Shaquille Rashuan O'Neal,M,24.0,216.0,137.0,United States,USA,1996 Summer,1996,Summer,Atlanta,Basketball,Basketball Men's Basketball,Gold
92158,"Christopher Emmanuel ""Chris"" Paul",M,23.0,183.0,83.0,United States,USA,2008 Summer,2008,Summer,Beijing,Basketball,Basketball Men's Basketball,Gold
92158,"Christopher Emmanuel ""Chris"" Paul",M,27.0,183.0,83.0,United States,USA,2012 Summer,2012,Summer,London,Basketball,Basketball Men's Basketball,Gold
92435,Gary Dwayne Payton,M,27.0,190.0,86.0,United States,USA,1996 Summer,1996,Summer,Atlanta,Basketball,Basketball Men's Basketball,Gold
92435,Gary Dwayne Payton,M,32.0,190.0,86.0,United States,USA,2000 Summer,2000,Summer,Sydney,Basketball,Basketball Men's Basketball,Gold
93468,"Samuel Bruce ""Sam"" Perkins",M,23.0,205.0,106.0,United States,USA,1984 Summer,1984,Summer,Los Angeles,Basketball,Basketball Men's Basketball,Gold
95095,"Donald Arthur ""Don"" Piper",M,25.0,180.0,73.0,United States,USA,1936 Summer,1936,Summer,Berlin,Basketball,Basketball Men's Basketball,Gold
95105,Scottie Maurice Pippen,M,26.0,200.0,102.0,United States,USA,1992 Summer,1992,Summer,Barcelona,Basketball,Basketball Men's Basketball,Gold
95105,Scottie Maurice Pippen,M,30.0,200.0,102.0,United States,USA,1996 Summer,1996,Summer,Atlanta,Basketball,Basketball Men's Basketball,Gold
95108,Dan Luther Pippin,M,25.0,185.0,77.0,United States,USA,1952 Summer,1952,Summer,Helsinki,Basketball,Basketball Men's Basketball,Gold
95266,"Robert C. ""R. C."" Pitts",M,29.0,195.0,91.0,United States,USA,1948 Summer,1948,Summer,London,Basketball,Basketball Men's Basketball,Gold
97027,Tayshaun Durell Prince,M,28.0,206.0,93.0,United States,USA,2008 Summer,2008,Summer,Beijing,Basketball,Basketball Men's Basketball,Gold
98309,Jack Williamson Ragland,M,22.0,183.0,79.0,United States,USA,1936 Summer,1936,Summer,Berlin,Basketball,Basketball Men's Basketball,Gold
99116,"William Edward ""Ed"" Ratleff",M,22.0,198.0,86.0,United States,USA,1972 Summer,1972,Summer,Munich,Basketball,Basketball Men's Basketball,Silver
99456,Michael Wesley Redd,M,28.0,198.0,98.0,United States,USA,2008 Summer,2008,Summer,Beijing,Basketball,Basketball Men's Basketball,Gold
99699,"Herman ""J. R."" Reid, Jr.",M,20.0,205.0,116.0,United States,USA,1988 Summer,1988,Summer,Seoul,Basketball,Basketball Men's Basketball,Bronze
99983,Jesse Banard Renick,M,30.0,188.0,84.0,United States,USA,1948 Summer,1948,Summer,London,Basketball,Basketball Men's Basketball,Gold
100591,"Mitchell James ""Mitch"" Richmond, III",M,23.0,195.0,98.0,United States,USA,1988 Summer,1988,Summer,Seoul,Basketball,Basketball Men's Basketball,Bronze
100591,"Mitchell James ""Mitch"" Richmond, III",M,31.0,195.0,98.0,United States,USA,1996 Summer,1996,Summer,Atlanta,Basketball,Basketball Men's Basketball,Gold
101337,Alvin Cyrrale Robertson,M,22.0,193.0,88.0,United States,USA,1984 Summer,1984,Summer,Los Angeles,Basketball,Basketball Men's Basketball,Gold
101376,Oscar Palmer Robertson,M,21.0,196.0,90.0,United States,USA,1960 Summer,1960,Summer,Roma,Basketball,Basketball Men's Basketball,Gold
101428,David Maurice Robinson,M,23.0,216.0,107.0,United States,USA,1988 Summer,1988,Summer,Seoul,Basketball,Basketball Men's Basketball,Bronze
101428,David Maurice Robinson,M,26.0,216.0,107.0,United States,USA,1992 Summer,1992,Summer,Barcelona,Basketball,Basketball Men's Basketball,Gold
101428,David Maurice Robinson,M,30.0,216.0,107.0,United States,USA,1996 Summer,1996,Summer,Atlanta,Basketball,Basketball Men's Basketball,Gold
101443,"Robert Lloyd Jackson ""Jack"" Robinson",M,21.0,183.0,82.0,United States,USA,1948 Summer,1948,Summer,London,Basketball,Basketball Men's Basketball,Gold
102177,"Kenneth Herman ""Kenny"" Rollins",M,24.0,183.0,79.0,United States,USA,1948 Summer,1948,Summer,London,Basketball,Basketball Men's Basketball,Gold
103602,"William Fenton ""Bill"" Russell",M,22.0,207.0,100.0,United States,USA,1956 Summer,1956,Summer,Melbourne,Basketball,Basketball Men's Basketball,Gold
106116,Glynn Saulters,M,23.0,188.0,80.0,United States,USA,1968 Summer,1968,Summer,Mexico City,Basketball,Basketball Men's Basketball,Gold
107150,Willard Theodore Schmidt,M,26.0,205.0,86.0,United States,USA,1936 Summer,1936,Summer,Berlin,Basketball,Basketball Men's Basketball,Gold
107981,"Charles Thomas ""Charlie"" Scott",M,19.0,196.0,82.0,United States,USA,1968 Summer,1968,Summer,Mexico City,Basketball,Basketball Men's Basketball,Gold
109591,"Steven Bernard ""Steve"" Sheppard",M,22.0,198.0,95.0,United States,USA,1976 Summer,1976,Summer,Montreal,Basketball,Basketball Men's Basketball,Gold
109860,Jerry Franklin Shipp,M,29.0,198.0,89.0,United States,USA,1964 Summer,1964,Summer,Tokyo,Basketball,Basketball Men's Basketball,Gold
110112,Carl Leslie Shy,M,27.0,183.0,77.0,United States,USA,1936 Summer,1936,Summer,Berlin,Basketball,Basketball Men's Basketball,Gold
110472,"Michael Barnwell ""Mike"" Silliman",M,24.0,198.0,105.0,United States,USA,1968 Summer,1968,Summer,Mexico City,Basketball,Basketball Men's Basketball,Gold
112172,Adrian Howard Smith,M,23.0,186.0,81.0,United States,USA,1960 Summer,1960,Summer,Roma,Basketball,Basketball Men's Basketball,Gold
112214,Charles Daniel H. Smith,M,23.0,208.0,100.0,United States,USA,1988 Summer,1988,Summer,Seoul,Basketball,Basketball Men's Basketball,Bronze
112404,"Steven Delano ""Steve"" Smith",M,31.0,200.0,100.0,United States,USA,2000 Summer,2000,Summer,Sydney,Basketball,Basketball Men's Basketball,Gold
112446,"Charles Edward Smith, IV",M,20.0,185.0,75.0,United States,USA,1988 Summer,1988,Summer,Seoul,Basketball,Basketball Men's Basketball,Bronze
113637,"John Kenneth ""Ken"" Spain",M,22.0,206.0,109.0,United States,USA,1968 Summer,1968,Summer,Mexico City,Basketball,Basketball Men's Basketball,Gold
115325,John Houston Stockton,M,30.0,185.0,79.0,United States,USA,1992 Summer,1992,Summer,Barcelona,Basketball,Basketball Men's Basketball,Gold
115325,John Houston Stockton,M,34.0,185.0,79.0,United States,USA,1996 Summer,1996,Summer,Atlanta,Basketball,Basketball Men's Basketball,Gold
115540,Amar'e Carsares Stoudemire,M,24.0,200.0,102.0,United States,USA,2004 Summer,2004,Summer,Athina,Basketball,Basketball Men's Basketball,Bronze
117072,Duane Alexander Swanson,M,22.0,188.0,79.0,United States,USA,1936 Summer,1936,Summer,Berlin,Basketball,Basketball Men's Basketball,Gold
119932,Klay Alexander Thompson,M,26.0,200.0,97.0,United States,USA,2016 Summer,2016,Summer,Rio de Janeiro,Basketball,Basketball Men's Basketball,Gold
120501,Wayman Lawrence Tisdale,M,20.0,205.0,118.0,United States,USA,1984 Summer,1984,Summer,Los Angeles,Basketball,Basketball Men's Basketball,Gold
121001,"Ronald Paul ""Ron"" Tomsic",M,23.0,180.0,82.0,United States,USA,1956 Summer,1956,Summer,Melbourne,Basketball,Basketball Men's Basketball,Gold
122786,"Jeffrey Stephen ""Jeff"" Turner",M,22.0,205.0,104.0,United States,USA,1984 Summer,1984,Summer,Los Angeles,Basketball,Basketball Men's Basketball,Gold
127833,"Dwyane Tyrone Wade, Jr.",M,22.0,193.0,96.0,United States,USA,2004 Summer,2004,Summer,Athina,Basketball,Basketball Men's Basketball,Bronze
127833,"Dwyane Tyrone Wade, Jr.",M,26.0,193.0,96.0,United States,USA,2008 Summer,2008,Summer,Beijing,Basketball,Basketball Men's Basketball,Gold
128271,"James Patrick ""Jim"" Walsh",M,26.0,193.0,86.0,United States,USA,1956 Summer,1956,Summer,Melbourne,Basketball,Basketball Men's Basketball,Gold
129769,"Jerome Alan ""Jerry"" West",M,22.0,191.0,81.0,United States,USA,1960 Summer,1960,Summer,Roma,Basketball,Basketball Men's Basketball,Gold
129792,"Russell Westbrook, Jr.",M,23.0,191.0,85.0,United States,USA,2012 Summer,2012,Summer,London,Basketball,Basketball Men's Basketball,Gold
129925,"William John ""Bill"" Wheatley",M,27.0,188.0,79.0,United States,USA,1936 Summer,1936,Summer,Berlin,Basketball,Basketball Men's Basketball,Gold
129996,"Joseph Henry ""Jo-Jo"" White",M,21.0,191.0,89.0,United States,USA,1968 Summer,1968,Summer,Mexico City,Basketball,Basketball Men's Basketball,Gold
130580,Deron Michael Williams,M,24.0,191.0,95.0,United States,USA,2008 Summer,2008,Summer,Beijing,Basketball,Basketball Men's Basketball,Gold
130580,Deron Michael Williams,M,28.0,191.0,95.0,United States,USA,2012 Summer,2012,Summer,London,Basketball,Basketball Men's Basketball,Gold
130602,"Howard Earl ""Howie"" Williams",M,24.0,183.0,76.0,United States,USA,1952 Summer,1952,Summer,Helsinki,Basketball,Basketball Men's Basketball,Gold
130843,"George ""Jiff"" Wilson",M,22.0,203.0,95.0,United States,USA,1964 Summer,1964,Summer,Tokyo,Basketball,Basketball Men's Basketball,Gold
131486,"Osie Leon Wood, III",M,22.0,190.0,86.0,United States,USA,1984 Summer,1984,Summer,Los Angeles,Basketball,Basketball Men's Basketball,Gold
